Unnamed: 0,id,name,unit_name,nutrient_nbr,rank,Category
0,2047,Energy,KCAL,957.0,280.0,Macronutrients
1,2048,Energy,KCAL,958.0,290.0,Macronutrients
2,1001,Solids,G,201.0,200.0,Proximates
3,1002,Nitrogen,G,202.0,500.0,Proteins
4,1003,Protein,G,203.0,600.0,Macronutrients
5,1004,lipid,G,204.0,800.0,Macronutrients
6,1005,Carbohydrate,G,205.0,1110.0,Macronutrients
7,1006,Fiber,G,206.0,999999.0,Fiber
8,1007,Ash,G,207.0,1000.0,Proximates
9,1008,Energy,KCAL,208.0,300.0,Macronutrients
10,1009,Starch,G,209.0,2200.0,Carbohydrates
11,1010,Sucrose,G,210.0,1600.0,Sugars
12,1011,Glucose,G,211.0,1700.0,Sugars
13,1012,Fructose,G,212.0,1800.0,Sugars
14,1013,Lactose,G,213.0,1900.0,Sugars
15,1014,Maltose,G,214.0,2000.0,Sugars
16,1015,Amylose,G,218.0,999999.0,Carbohydrates
17,1016,Amylopectin,G,219.0,999999.0,Carbohydrates
18,1017,Pectin,G,220.0,999999.0,Carbohydrates
19,1018,Alcohol,G,221.0,18200.0,Alcohols
20,1019,Pentosan,G,222.0,999999.0,Carbohydrates
21,1020,Pentoses,G,223.0,999999.0,Carbohydrates
22,1021,Hemicellulose,G,224.0,999999.0,Carbohydrates
23,1022,Cellulose,G,225.0,999999.0,Carbohydrates
24,1023,pH,PH,226.0,999999.0,PhysicalProperties
25,1024,Specific Gravity,SP_GR,227.0,999999.0,PhysicalProperties
26,1025,Organic acids,G,229.0,2850.0,OrganicCompounds
27,1026,Acetic acid,MG,230.0,2900.0,OrganicCompounds
28,1027,Aconitic acid,MG,231.0,3000.0,OrganicCompounds
29,1028,Benzoic acid,MG,232.0,3100.0,OrganicCompounds
30,1029,Chelidonic acid,MG,233.0,3200.0,OrganicCompounds
31,1030,Chlorogenic acid,MG,234.0,3300.0,OrganicCompounds
32,1031,Cinnamic acid,MG,235.0,3400.0,OrganicCompounds
33,1032,Citric acid,MG,236.0,3500.0,OrganicCompounds
34,1033,Fumaric acid,MG,237.0,3600.0,OrganicCompounds
35,1034,Galacturonic acid,MG,238.0,3700.0,OrganicCompounds
36,1035,Gallic acid,MG,239.0,3800.0,OrganicCompounds
37,1036,Glycolic acid,MG,240.0,3900.0,OrganicCompounds
38,1037,Isocitric acid,MG,241.0,4000.0,OrganicCompounds
39,1038,Lactic acid,MG,242.0,4100.0,OrganicCompounds
40,1039,"Malic acid""",MG,243.0,4200.0,OrganicCompounds
41,1040,Oxaloacetic acid,MG,244.0,4300.0,OrganicCompounds
42,1041,Oxalic acid,MG,245.0,4400.0,OrganicCompounds
43,1042,Phytic acid,MG,246.0,4500.0,OrganicCompounds
44,1043,Pyruvic acid,MG,247.0,4600.0,OrganicCompounds
45,1044,Quinic acid,MG,248.0,4700.0,OrganicCompounds
46,1045,Salicylic acid,MG,249.0,4800.0,OrganicCompounds
47,1046,Succinic acid,MG,250.0,4900.0,OrganicCompounds
48,1047,Tartaric acid,MG,251.0,5000.0,OrganicCompounds
49,1048,Ursolic acid,MG,252.0,5100.0,OrganicCompounds
50,1049,"Solids, non-fat",G,253.0,999999.0,Proximates
51,1050,Carbohydrate,G,205.2,1120.0,Macronutrients
52,1051,Water,G,255.0,100.0,Water
53,1052,Adjusted Nitrogen,G,256.0,999999.0,Proteins
54,1053,Adjusted Protein,G,257.0,700.0,Proteins
55,1054,Piperine,G,259.0,999999.0,OrganicCompounds
56,1055,Mannitol,G,260.0,2500.0,Carbohydrates
57,1056,Sorbitol,G,261.0,2600.0,Carbohydrates
58,1057,Caffeine,MG,262.0,18300.0,Stimulants
59,1058,Theobromine,MG,263.0,18400.0,Stimulants
60,1059,Nitrates,MG,264.0,999999.0,Preservatives
61,1060,Nitrites,MG,265.0,999999.0,Preservatives
62,1061,Nitrosamine,MG,266.0,999999.0,Preservatives
63,1062,Energy,kJ,268.0,400.0,Macronutrients
64,1063,Sugars,G,269.3,1500.0,Sugars
65,1064,"Solids, soluble",G,271.0,999999.0,Proximates
66,1065,Glycogen,G,272.0,999999.0,Carbohydrates
67,1066,"Fiber, neutral",G,273.0,999999.0,Fiber
68,1067,Reducing sugars,G,274.0,999999.0,Carbohydrates
69,1068,Beta-glucans,G,276.0,999999.0,Fiber
70,1069,Oligosaccharides,G,281.0,999999.0,Carbohydrates
71,1070,Nonstarch polysaccharides,G,282.0,999999.0,Fiber
72,1071,Resistant starch,G,283.0,999999.0,Fiber
73,1072,Carbohydrate,G,284.0,,Carbohydrates
74,1073,Arabinose,G,285.0,999999.0,Carbohydrates
75,1074,Xylose,G,286.0,999999.0,Carbohydrates
76,1075,Galactose,G,287.0,2100.0,Sugars
77,1076,Raffinose,G,288.0,2300.0,Carbohydrates
78,1077,Stachyose,G,289.0,2400.0,Carbohydrates
79,1078,Xylitol,G,290.0,2700.0,Carbohydrates
80,1079,Fiber,G,291.0,1200.0,Fiber
81,1080,Lignin,G,292.0,999999.0,Fiber
82,1081,Ribose,G,294.0,999999.0,Carbohydrates
83,1082,"Fiber, soluble",G,295.0,1240.0,Fiber
84,1083,Theophylline,MG,296.0,18500.0,Stimulants
85,1084,"Fiber, insoluble",G,297.0,1260.0,Fiber
86,1085,Fat,G,298.0,900.0,Macronutrients
87,1086,Sugar alcohols,G,299.0,999999.0,Carbohydrates
88,1087,"Calcium, Ca",MG,301.0,5300.0,Minerals
89,1088,"Chlorine, Cl",MG,302.0,999999.0,Minerals
90,1089,"Iron, Fe",MG,303.0,5400.0,Minerals
91,1090,"Magnesium, Mg",MG,304.0,5500.0,Minerals
92,1091,"Phosphorus, P",MG,305.0,5600.0,Minerals
93,1092,"Potassium, K",MG,306.0,5700.0,Minerals
94,1093,"Sodium, Na",MG,307.0,5800.0,Minerals
95,1094,"Sulfur, S",MG,308.0,6241.0,Minerals
96,1095,"Zinc, Zn",MG,309.0,5900.0,Minerals
97,1096,"Chromium, Cr",UG,310.0,999999.0,Minerals
98,1097,"Cobalt, Co",UG,311.0,6244.0,Minerals
99,1098,"Copper, Cu",MG,312.0,6000.0,Minerals
100,1099,"Fluoride, F",UG,313.0,6240.0,Minerals
101,1100,"Iodine, I",UG,314.0,6150.0,Minerals
102,1101,"Manganese, Mn",MG,315.0,6100.0,Minerals
103,1102,"Molybdenum, Mo",UG,316.0,6243.0,Minerals
104,1103,"Selenium, Se",UG,317.0,6200.0,Minerals
105,1104,"Vitamin A, IU",IU,318.0,7500.0,Vitamins
106,1105,Retinol,UG,319.0,7430.0,Vitamins
107,1106,"Vitamin A, RAE",UG,320.0,7420.0,Vitamins
108,1107,"Carotene, beta",UG,321.0,7440.0,Carotenoids
109,1108,"Carotene, alpha",UG,322.0,7450.0,Carotenoids
110,1109,Vitamin E (alpha-tocopherol),MG,323.0,7905.0,Vitamins
111,1110,Vitamin D (D2 + D3),IU,324.0,8650.0,Vitamins
112,1111,Vitamin D2,UG,325.0,8710.0,Vitamins
113,1112,Vitamin D3,UG,326.0,8720.0,Vitamins
114,1113,25-hydroxycholecalciferol,UG,327.0,8730.0,Vitamins
115,1114,Vitamin D,UG,328.0,8700.0,Vitamins
116,1115,25-hydroxyergocalciferol,UG,329.0,8740.0,Vitamins
117,1116,Phytoene,UG,330.0,7570.0,Carotenoids
118,1117,Phytofluene,UG,331.0,7580.0,Carotenoids
119,1118,"Carotene, gamma",UG,332.0,7455.0,Carotenoids
120,1119,Zeaxanthin,UG,338.2,7564.0,Carotenoids
121,1120,"Cryptoxanthin, beta",UG,334.0,7460.0,Carotenoids
122,1121,Lutein,UG,338.1,7562.0,Carotenoids
123,1122,Lycopene,UG,337.0,7530.0,Carotenoids
124,1123,Lutein zeaxanthin,UG,338.0,7560.0,Carotenoids
125,1124,Vitamin E,IU,340.0,999999.0,Vitamins
126,1125,"Tocopherol, beta",MG,341.0,8000.0,Vitamins
127,1126,"Tocopherol, gamma",MG,342.0,8100.0,Vitamins
128,1127,"Tocopherol, delta",MG,343.0,8200.0,Vitamins
129,1128,"Tocotrienol, alpha",MG,344.0,8300.0,Vitamins
130,1129,"Tocotrienol, beta",MG,345.0,8400.0,Vitamins
131,1130,"Tocotrienol, gamma",MG,346.0,8500.0,Vitamins
132,1131,"Tocotrienol, delta",MG,347.0,8600.0,Vitamins
133,1132,"Aluminum, Al",UG,348.0,999999.0,Minerals
134,1133,"Antimony, Sb",UG,349.0,999999.0,Minerals
135,1134,"Arsenic, As",UG,350.0,999999.0,Minerals
136,1135,"Barium, Ba",UG,351.0,999999.0,Minerals
137,1136,"Beryllium, Be",UG,352.0,999999.0,Minerals
138,1137,"Boron, B",UG,354.0,6245.0,Minerals
139,1138,"Bromine, Br",UG,355.0,999999.0,Minerals
140,1139,"Cadmium, Cd",UG,356.0,999999.0,Minerals
141,1140,"Gold, Au",UG,363.0,999999.0,Minerals
142,1141,"Iron, heme",MG,364.0,999999.0,Minerals
143,1142,"Iron, non-heme",MG,365.0,999999.0,Minerals
144,1143,"Lead, Pb",UG,367.0,999999.0,Minerals
145,1144,"Lithium, Li",UG,368.0,999999.0,Minerals
146,1145,"Mercury, Hg",UG,370.0,999999.0,Minerals
147,1146,"Nickel, Ni",UG,371.0,6242.0,Minerals
148,1147,"Rubidium, Rb",UG,373.0,999999.0,Minerals
149,1148,Fluoride,UG,374.0,6250.0,Minerals
150,1149,"Salt, NaCl",MG,375.0,999999.0,Other
151,1150,"Silicon, Si",UG,378.0,999999.0,Minerals
152,1151,"Silver, Ag",UG,379.0,999999.0,Minerals
153,1152,"Strontium, Sr",UG,380.0,999999.0,Minerals
154,1153,"Tin, Sn",UG,385.0,999999.0,Minerals
155,1154,"Titanium, Ti",UG,386.0,999999.0,Minerals
156,1155,"Vanadium, V",UG,389.0,999999.0,Minerals
157,1156,"Vitamin A, RE",MCG_RE,392.0,7500.0,Vitamins
158,1157,Carotene,MCG_RE,393.0,7600.0,Carotenoids
159,1158,Vitamin E,MG_ATE,394.0,7800.0,Vitamins
160,1159,cis-beta-Carotene,UG,321.1,7442.0,Carotenoids
161,1160,cis-Lycopene,UG,337.1,7532.0,Carotenoids
162,1161,cis-Lutein Zeaxanthin,UG,338.3,7561.0,Carotenoids
163,1162,Vitamin C ascorbic acid,MG,401.0,6300.0,OrganicCompounds
164,1163,"Vitamin C, reduced ascorbic acid",MG,402.0,999999.0,OrganicCompounds
165,1164,"Vitamin C, dehydro ascorbic acid",MG,403.0,999999.0,OrganicCompounds
166,1165,Thiamin,MG,404.0,6400.0,Vitamins
167,1166,Riboflavin,MG,405.0,6500.0,Vitamins
168,1167,Niacin,MG,406.0,6600.0,Vitamins
169,1168,Niacin tryptophan,MG,407.0,999999.0,Vitamins
170,1169,Niacin equivalent N406 +N407,MG,409.0,999999.0,Vitamins
171,1170,Pantothenic acid,MG,410.0,6700.0,Vitamins
172,1171,"Vitamin B-6, pyridoxine, alcohol form",MG,411.0,999999.0,Vitamins
173,1172,"Vitamin B-6, pyridoxal, aldehyde form",MG,412.0,999999.0,Vitamins
174,1173,"Vitamin B-6, pyridoxamine, amine form",MG,413.0,999999.0,Vitamins
175,1174,"Vitamin B-6, N411  N412 N413",MG,414.0,999999.0,Vitamins
176,1175,Vitamin B-6,MG,415.0,6800.0,Vitamins
177,1176,Biotin,UG,416.0,6850.0,Vitamins
178,1177,Folate,UG,417.0,6900.0,Vitamins
179,1178,Vitamin B-12,UG,418.0,7300.0,Vitamins
180,1179,"Folate, free",UG,419.0,999999.0,Vitamins
181,1180,Choline,MG,421.0,7220.0,Vitamins
182,1181,Inositol,MG,422.0,2800.0,Vitamins
183,1182,Inositol phosphate,MG,423.0,999999.0,Vitamins
184,1183,Vitamin K (Menaquinone-4),UG,428.0,8950.0,Vitamins
185,1184,Vitamin K (Dihydrophylloquinone),UG,429.0,8900.0,Vitamins
186,1185,Vitamin K (phylloquinone),UG,430.0,8800.0,Vitamins
187,1186,Folic acid,UG,431.0,7000.0,Vitamins
188,1187,"Folate, food",UG,432.0,7100.0,Vitamins
189,1188,5-methyl tetrahydrofolate (5-MTHF),UG,433.0,999999.0,Vitamins
190,1189,"Folate, not 5-MTHF",UG,434.0,999999.0,Vitamins
191,1190,"Folate, DFE",UG,435.0,7200.0,Vitamins
192,1191,folic acid,UG,436.0,999999.0,Vitamins
193,1192,5-Formyltetrahydrofolic acid,UG,437.0,999999.0,Vitamins
194,1193,Tetrahydrofolic acid (THF),UG,438.0,999999.0,Vitamins
195,1194,"Choline, free",MG,450.0,7230.0,Vitamins
196,1195,"Choline, from phosphocholine",MG,451.0,7240.0,Vitamins
197,1196,"Choline, from phosphotidyl choline",MG,452.0,7250.0,Vitamins
198,1197,"Choline, from glycerophosphocholine",MG,453.0,7260.0,Vitamins
199,1198,Betaine,MG,454.0,7290.0,Vitamins
200,1199,"Choline, from sphingomyelin",MG,455.0,7270.0,Vitamins
201,1200,p-Hydroxy benzoic acid,MG,460.0,999999.0,OrganicCompounds
202,1201,Caffeic acid,MG,461.0,999999.0,OrganicCompounds
203,1202,p-Coumaric acid,MG,462.0,999999.0,OrganicCompounds
204,1203,Ellagic acid,MG,463.0,999999.0,OrganicCompounds
205,1204,Ferrulic acid,MG,464.0,999999.0,OrganicCompounds
206,1205,Gentisic acid,MG,465.0,999999.0,OrganicCompounds
207,1206,Tyrosol,MG,466.0,999999.0,OrganicCompounds
208,1207,Vanillic acid,MG,467.0,999999.0,OrganicCompounds
209,1208,Phenolic acids,MG,469.0,999999.0,OrganicCompounds
210,1209,Polyphenols,MG,470.0,999999.0,OrganicCompounds
211,1210,Tryptophan,G,501.0,16300.0,AminoAcids
212,1211,Threonine,G,502.0,16400.0,AminoAcids
213,1212,Isoleucine,G,503.0,16500.0,AminoAcids
214,1213,Leucine,G,504.0,16600.0,AminoAcids
215,1214,Lysine,G,505.0,16700.0,AminoAcids
216,1215,Methionine,G,506.0,16800.0,AminoAcids
217,1216,Cystine,G,507.0,16900.0,AminoAcids
218,1217,Phenylalanine,G,508.0,17000.0,AminoAcids
219,1218,Tyrosine,G,509.0,17100.0,AminoAcids
220,1219,Valine,G,510.0,17200.0,AminoAcids
221,1220,Arginine,G,511.0,17300.0,AminoAcids
222,1221,Histidine,G,512.0,17400.0,AminoAcids
223,1222,Alanine,G,513.0,17500.0,AminoAcids
224,1223,Aspartic acid,G,514.0,17600.0,AminoAcids
225,1224,Glutamic acid,G,515.0,17700.0,AminoAcids
226,1225,Glycine,G,516.0,17800.0,AminoAcids
227,1226,Proline,G,517.0,17900.0,AminoAcids
228,1227,Serine,G,518.0,18000.0,AminoAcids
229,1228,Hydroxyproline,G,521.0,18100.0,AminoAcids
230,1229,Cysteine  methionine,G,522.0,999999.0,AminoAcids
231,1230,Phenylalanine  tyrosine,G,523.0,16950.0,AminoAcids
232,1231,Asparagine,G,525.0,999999.0,AminoAcids
233,1232,Cysteine,G,526.0,18150.0,AminoAcids
234,1233,Glutamine,G,528.0,999999.0,AminoAcids
235,1234,Taurine,G,529.0,999999.0,AminoAcids
236,1235,"Sugars, added",G,539.0,1540.0,Carbohydrates
237,1236,"Sugars, intrinsic",G,549.0,1520.0,Carbohydrates
238,1237,"Calcium, added",MG,551.0,5340.0,Minerals
239,1238,"Iron, added",MG,553.0,5440.0,Minerals
240,1239,"Calcium, intrinsic",MG,561.0,5320.0,Minerals
241,1240,"Iron, intrinsic",MG,563.0,5420.0,Minerals
242,1241,"Vitamin C, added",MG,571.0,6340.0,Vitamins
243,1242,"Vitamin E, added",MG,573.0,7920.0,Vitamins
244,1243,"Thiamin, added",MG,574.0,6440.0,Vitamins
245,1244,"Riboflavin, added",MG,575.0,6540.0,Vitamins
246,1245,"Niacin, added",MG,576.0,6640.0,Vitamins
247,1246,"Vitamin B-12, added",UG,578.0,7340.0,Vitamins
248,1247,"Vitamin C, intrinsic",MG,581.0,6320.0,Vitamins
249,1248,"Vitamin E, intrinsic",MG,583.0,7930.0,Vitamins
250,1249,"Thiamin, intrinsic",MG,584.0,6420.0,Vitamins
251,1250,"Riboflavin, intrinsic",MG,585.0,6520.0,Vitamins
252,1251,"Niacin, intrinsic",MG,586.0,6620.0,Vitamins
253,1252,"Vitamin B-12, intrinsic",UG,588.0,7320.0,Vitamins
254,1253,Cholesterol,MG,601.0,15700.0,Lipids
255,1254,Glycerides,G,602.0,999999.0,Lipids
256,1255,Phospholipids,G,603.0,999999.0,Lipids
257,1256,Glycolipids,G,604.0,999999.0,Lipids
258,1257,Fatty acids trans,G,605.0,15400.0,Lipids
259,1258,Fatty acids saturated,G,606.0,9700.0,Lipids
260,1259,SFA 4:0,G,607.0,9800.0,Lipids
261,1260,SFA 6:0,G,608.0,9900.0,Lipids
262,1261,SFA 8:0,G,609.0,10000.0,Lipids
263,1262,SFA 10:0,G,610.0,10100.0,Lipids
264,1263,SFA 12:0,G,611.0,10300.0,Lipids
265,1264,SFA 14:0,G,612.0,10500.0,Lipids
266,1265,SFA 16:0,G,613.0,10700.0,Lipids
267,1266,SFA 18:0,G,614.0,10900.0,Lipids
268,1267,SFA 20:0,G,615.0,11100.0,Lipids
269,1268,MUFA 18:1,G,617.0,12100.0,Lipids
270,1269,PUFA 18:2,G,618.0,13100.0,Lipids
271,1270,PUFA 18:3,G,619.0,13900.0,Lipids
272,1271,PUFA 20:4,G,620.0,14700.0,Lipids
273,1272,PUFA 22:6 n-3 (DHA),G,621.0,15300.0,Lipids
274,1273,SFA 22:0,G,624.0,11200.0,Lipids
275,1274,MUFA 14:1,G,625.0,11500.0,Lipids
276,1275,MUFA 16:1,G,626.0,11700.0,Lipids
277,1276,PUFA 18:4,G,627.0,14250.0,Lipids
278,1277,MUFA 20:1,G,628.0,12400.0,Lipids
279,1278,PUFA 20:5 n-3 (EPA),G,629.0,15000.0,Lipids
280,1279,MUFA 22:1,G,630.0,12500.0,Lipids
281,1280,PUFA 22:5 n-3 (DPA),G,631.0,15200.0,Lipids
282,1281,TFA 14:1 t,G,821.0,15510.0,Lipids
283,1283,Phytosterols,MG,636.0,15800.0,Lipids
284,1284,Ergosterol,MG,637.0,16220.0,Lipids
285,1285,Stigmasterol,MG,638.0,15900.0,Lipids
286,1286,Campesterol,MG,639.0,16000.0,Lipids
287,1287,Brassicasterol,MG,640.0,16100.0,Lipids
288,1288,Beta-sitosterol,MG,641.0,16200.0,Lipids
289,1289,Campestanol,MG,642.0,16221.0,Lipids
290,1290,Unsaponifiable matter (lipids),G,643.0,999999.0,Lipids
291,1291,"Fatty acids, other than 607-615, 617-621, 624-632, 652-654, 686-689)",G,644.0,999999.0,Lipids
292,1292,Fatty acids monounsaturated,G,645.0,11400.0,Lipids
293,1293,Fatty acids polyunsaturated,G,646.0,12900.0,Lipids
294,1294,Beta-sitostanol,MG,647.0,16222.0,Lipids
295,1295,Delta-7-avenasterol,MG,648.0,16223.0,Lipids
296,1296,Delta-5-avenasterol,MG,649.0,16224.0,Lipids
297,1297,Alpha-spinasterol,MG,650.0,16225.0,Lipids
298,1298,Phytosterols,MG,651.0,16227.0,Lipids
299,1299,SFA 15:0,G,652.0,10600.0,Lipids
300,1300,SFA 17:0,G,653.0,10800.0,Lipids
301,1301,SFA 24:0,G,654.0,11300.0,Lipids
302,1302,Wax Esters(Wax),G,661.0,999999.0,Lipids
303,1303,TFA 16:1 t,G,662.0,15520.0,Lipids
304,1304,TFA 18:1 t,G,663.0,15521.0,Lipids
305,1305,TFA 22:1 t,G,664.0,15550.0,Lipids
306,1306,TFA,G,665.0,15610.0,Lipids
307,1307,PUFA 18:2 i,G,666.0,13350.0,Lipids
308,1308,"PUFA 18:2 t,c",G,667.0,13500.0,Lipids
309,1309,"PUFA 18:2 c,t",G,668.0,13400.0,Lipids
310,1310,"TFA 18:2 t,t",G,669.0,15615.0,Lipids
311,1311,PUFA 18:2 CLAs,G,670.0,13300.0,Lipids
312,1312,MUFA 24:1 c,G,671.0,12800.0,Lipids
313,1313,"PUFA 20:2 n-6 c,c",G,672.0,14300.0,Lipids
314,1314,MUFA 16:1 c,G,673.0,11800.0,Lipids
315,1315,MUFA 18:1 c,G,674.0,12200.0,Lipids
316,1316,"PUFA 18:2 n-6 c,c",G,675.0,13200.0,Lipids
317,1317,MUFA 22:1 c,G,676.0,12600.0,Lipids
318,1318,"Fatty acids, saturated, other",G,677.0,999999.0,Lipids
319,1319,"Fatty acids, monounsat., other",G,678.0,999999.0,Lipids
320,1320,"Fatty acids, polyunsat., other",G,679.0,999999.0,Lipids
321,1321,"PUFA 18:3 n-6 c,c,c",G,685.0,14100.0,Lipids
322,1322,SFA 19:0,G,686.0,11000.0,Lipids
323,1323,MUFA 17:1,G,687.0,12000.0,Lipids
324,1324,PUFA 16:2,G,688.0,13000.0,Lipids
325,1325,PUFA 20:3,G,689.0,14400.0,Lipids
326,1326,"Fatty acids sat., NLEA",G,690.0,999999.0,Lipids
327,1327,Fatty acids monounsat,G,691.0,999999.0,Lipids
328,1328,Fatty acids polyunsat,G,692.0,999999.0,Lipids
329,1329,Fatty acids trans-monoenoic,G,693.0,15500.0,Lipids
330,1330,Fatty acids trans-dienoic,G,694.0,15601.0,Lipids
331,1331,Fatty acids trans-polyenoic,G,695.0,15619.0,Lipids
332,1332,SFA 13:0,G,696.0,10400.0,Lipids
333,1333,MUFA 15:1,G,697.0,11600.0,Lipids
334,1334,PUFA 22:2,G,698.0,15100.0,Lipids
335,1335,SFA 11:0,G,699.0,10200.0,Lipids
336,1336,"ORAC, Hydrophyllic",UMOL_TE,706.0,,Antioxidants
337,1337,"ORAC, Lipophillic",UMOL_TE,707.0,,Antioxidants
338,1338,ORAC,UMOL_TE,708.0,,Antioxidants
339,1339,Phenolics,MG_GAE,709.0,,Antioxidants
340,1340,Daidzein,MG,710.0,19100.0,Phytochemicals
341,1341,Genistein,MG,711.0,19200.0,Phytochemicals
342,1342,Glycitein,MG,712.0,19300.0,Phytochemicals
343,1343,Isoflavones,MG,713.0,19000.0,Phytochemicals
344,1344,Biochanin A,MG,714.0,999999.0,Phytochemicals
345,1345,Formononetin,MG,715.0,999999.0,Phytochemicals
346,1346,Coumestrol,MG,716.0,999999.0,Phytochemicals
347,1347,Flavonoids,MG,729.0,999999.0,Phytochemicals
348,1348,Anthocyanidins,MG,730.0,19400.0,Phytochemicals
349,1349,Cyanidin,MG,731.0,19500.0,Phytochemicals
350,1350,Proanthocyanidin,MG,732.0,19510.0,Phytochemicals
351,1351,Proanthocyanidin monomers,MG,733.0,19520.0,Phytochemicals
352,1352,Proanthocyanidin dimers,MG,734.0,19530.0,Phytochemicals
353,1353,Proanthocyanidin trimers,MG,735.0,19540.0,Phytochemicals
354,1354,Proanthocyanidin 4-6mers,MG,736.0,19550.0,Phytochemicals
355,1355,Proanthocyanidin 7-10mers,MG,737.0,19560.0,Phytochemicals
356,1356,Proanthocyanidin polymers (>10mers),MG,738.0,19570.0,Phytochemicals
357,1357,Delphinidin,MG,741.0,19600.0,Phytochemicals
358,1358,Malvidin,MG,742.0,19700.0,Phytochemicals
359,1359,Pelargonidin,MG,743.0,19800.0,Phytochemicals
360,1360,Peonidin,MG,745.0,19900.0,Phytochemicals
361,1361,Petunidin,MG,746.0,20000.0,Phytochemicals
362,1362,Flavans,MG,747.0,20100.0,Phytochemicals
363,1363,Catechins,MG,748.0,20200.0,Phytochemicals
364,1364,Catechin,MG,749.0,20300.0,Phytochemicals
365,1365,Epigallocatechin,MG,750.0,20400.0,Phytochemicals
366,1366,Epicatechin,MG,751.0,20500.0,Phytochemicals
367,1367,Epicatechin-3-gallate,MG,752.0,20600.0,Phytochemicals
368,1368,Epigallocatechin-3-gallate,MG,753.0,20700.0,Phytochemicals
369,1369,Procyanidins,MG,754.0,20800.0,Phytochemicals
370,1370,Theaflavins,MG,755.0,20900.0,Phytochemicals
371,1371,Thearubigins,MG,756.0,21000.0,Phytochemicals
372,1372,Flavanones,MG,757.0,21200.0,Phytochemicals
373,1373,Eriodictyol,MG,758.0,21300.0,Phytochemicals
374,1374,Hesperetin,MG,759.0,21400.0,Phytochemicals
375,1375,Isosakuranetin,MG,760.0,21500.0,Phytochemicals
376,1376,Liquiritigenin,MG,761.0,21600.0,Phytochemicals
377,1377,Naringenin,MG,762.0,21700.0,Phytochemicals
378,1378,Flavones,MG,768.0,21800.0,Phytochemicals
379,1379,Apigenin,MG,770.0,21900.0,Phytochemicals
380,1380,Chrysoeriol,MG,771.0,22000.0,Phytochemicals
381,1381,Diosmetin,MG,772.0,22100.0,Phytochemicals
382,1382,Luteolin,MG,773.0,22200.0,Phytochemicals
383,1383,Nobiletin,MG,781.0,22300.0,Phytochemicals
384,1384,Sinensetin,MG,782.0,22400.0,Phytochemicals
385,1385,Tangeretin,MG,783.0,22500.0,Phytochemicals
386,1386,Flavonols,MG,784.0,22600.0,Phytochemicals
387,1387,Isorhamnetin,MG,785.0,22700.0,Phytochemicals
388,1388,Kaempferol,MG,786.0,22800.0,Phytochemicals
389,1389,Limocitrin,MG,787.0,22900.0,Phytochemicals
390,1390,Myricetin,MG,788.0,23000.0,Phytochemicals
391,1391,Quercetin,MG,789.0,23100.0,Phytochemicals
392,1392,Theogallin,MG,790.0,21100.0,Phytochemicals
393,1393,"Theaflavin -3,3' -digallate",MG,791.0,,Phytochemicals
394,1394,Theaflavin -3' -gallate,MG,792.0,,Phytochemicals
395,1395,Theaflavin -3 -gallate,MG,793.0,,Phytochemicals
396,1396,catechin,MG,794.0,,Phytochemicals
397,1397,3-gallate,MG,795.0,,Phytochemicals
398,1398,Gallocatechin,MG,796.0,,Phytochemicals
399,1399,Mannose,G,801.0,999999.0,Carbohydrates
400,1400,Triose,G,803.0,999999.0,Carbohydrates
401,1401,Tetrose,G,804.0,999999.0,Carbohydrates
402,1402,Saccharides,G,805.0,999999.0,Carbohydrates
403,1403,Inulin,G,806.0,999999.0,Carbohydrates
404,1404,"PUFA 18:3 n-3 c,c,c (ALA)",G,851.0,14000.0,Lipids
405,1405,PUFA 20:3 n-3,G,852.0,14500.0,Lipids
406,1406,PUFA 20:4 n-6,G,853.0,14600.0,Lipids
407,1407,PUFA 20:4 n-3,G,854.0,14800.0,Lipids
408,1408,PUFA 2:4 n-6,G,855.0,14900.0,Lipids
409,1409,PUFA 18:3i,G,856.0,14200.0,Lipids
410,1410,PUFA 21:5,G,857.0,15100.0,Lipids
411,1411,PUFA 22:4,G,858.0,15160.0,Lipids
412,1412,MUFA 18:1-11 t (18:1t n-7),G,859.0,12310.0,Lipids
413,1413,MUFA 18:1-11 c (18:1c n-7),G,860.0,12210.0,Lipids
414,1414,PUFA 20:3 n-9,G,861.0,14650.0,Lipids
415,2000,Sugars,G,269.0,1510.0,Carbohydrates
416,2003,SFA 5:0,G,632.0,9850.0,Lipids
417,2004,SFA 7:0,G,633.0,9950.0,Lipids
418,2005,SFA 9:0,G,634.0,10050.0,Lipids
419,2006,SFA 21:0,G,681.0,11150.0,Lipids
420,2007,SFA 23:0,G,682.0,11250.0,Lipids
421,2008,MUFA 12:1,G,635.0,11450.0,Lipids
422,2009,MUFA 14:1 c,G,822.0,11501.0,Lipids
423,2010,MUFA 17:1 c,G,825.0,12001.0,Lipids
424,2011,TFA 17:1 t,G,826.0,15525.0,Lipids
425,2012,MUFA 20:1 c,G,829.0,12401.0,Lipids
426,2013,TFA 20:1 t,G,830.0,15540.0,Lipids
427,2014,MUFA 22:1 n-9,G,676.1,12601.0,Lipids
428,2015,MUFA 22:1 n-11,G,676.2,12602.0,Lipids
429,2016,PUFA 18:2 c,G,831.0,13150.0,Lipids
430,2017,TFA 18:2 t,G,832.0,15611.0,Lipids
431,2018,PUFA 18:3 c,G,833.0,13910.0,Lipids
432,2019,TFA 18:3 t,G,834.0,15660.0,Lipids
433,2020,PUFA 20:3 c,G,835.0,14450.0,Lipids
434,2021,PUFA 22:3,G,683.0,14675.0,Lipids
435,2022,PUFA 20:4c,G,836.0,14750.0,Lipids
436,2023,PUFA 20:5c,G,837.0,14950.0,Lipids
437,2024,PUFA 22:5 c,G,838.0,15150.0,Lipids
438,2025,PUFA 22:6 c,G,839.0,15250.0,Lipids
439,2026,PUFA 20:2 c,G,840.0,14250.0,Lipids
440,2027,Proximate,G,200.0,999999.0,Proximates
441,2028,trans-beta-Carotene,UG,321.2,7444.0,Carotenoids
442,2029,trans-Lycopene,UG,337.2,7534.0,Carotenoids
443,2032,"Cryptoxanthin, alpha",UG,335.0,7461.0,Carotenoids
444,2033,dietary fiber,G,293.0,1300.0,DietaryFiber
445,2034,Insoluble dietary fiber,G,293.1,1310.0,DietaryFiber
446,2035,Soluble dietary fiber,G,293.2,1320.0,DietaryFiber
447,2036,Soluble dietary fiber,G,954.0,1324.0,DietaryFiber
448,2037,Soluble dietary fiber,G,953.0,1326.0,DietaryFiber
449,2038,High Molecular Weight Dietary Fiber (HMWDF),G,293.3,1305,DietaryFiber
450,2039,Carbohydrates,956,1100.0,Carbohydrates,Carbohydrates
451,2040,carotenoids,UG,955.0,7510.0,Carotenoids
452,2041,Tocopherols and tocotrienols,MG,323.99,7900.0,Vitamins
453,2042,Amino acids,G,500.0,16250.0,AminoAcids
454,2043,Minerals,MG,300.0,5200.0,Minerals
455,2044,Lipids,950,9600.0,Lipids,Lipids
456,2045,Proximates,G,951.0,50.0,Proximates
457,2046,Vitamins B,G,952.0,6250.0,Vitamins
458,2055,Tocopherols,MG,,7901.0,Vitamins
459,2054,Tocotrienols,MG,,7902.0,Vitamins
460,2053,Stigmastadiene,MG,,15801.0,Lipids
461,2052,Delta-7-Stigmastenol,MG,,16226.0,Lipids
462,2049,Daidzin,MG,717.0,19310.0,Phytochemicals
463,2050,Genistin,MG,718.0,19320.0,Phytochemicals
464,2051,Glycitin,MG,719.0,19330.0,Phytochemicals
465,2057,Ergothioneine,MG,,16255.0,Phytochemicals
466,2058,Beta-glucan,G,,1327.0,Carbohydrates
467,2059,Vitamin D4,UG,,8730.0,Vitamins
468,2060,Ergosta-7-enol,MG,,16210.0,Lipids
469,2061,Ergosta-7,MG,,16211.0,Lipids
470,2062,Ergosta-5,MG,,16211.0,Lipids
471,2063,Verbascose,G,,2450.0,Carbohydrates
472,2064,Oligosaccharides,MG,,2250.0,Carbohydrates
473,2065,Low Molecular Weight Dietary Fiber (LMWDF),G,293.4,1306,DietaryFiber
